benchmark,board,environment,category,type,size,total_size,section_total_size
tarfind,native64,jerryscript,Runtime,.text,196926,3176968,217643
tarfind,native64,jerryscript,Kernel,.text,20290,3176968,217643
tarfind,native64,jerryscript,fill,.text,12,3176968,217643
tarfind,native64,jerryscript,unspecified,.text,431,3176968,217643
tarfind,native64,jerryscript,Kernel,.data,17513,3176968,88
tarfind,native64,jerryscript,Runtime,.data,27835,3176968,88
tarfind,native64,jerryscript,fill,.data,617,3176968,88
tarfind,native64,jerryscript,Application,.data,1859,3176968,88
tarfind,native64,jerryscript,unspecified,.data,6046,3176968,88
tarfind,native64,jerryscript,Unspecified,.data,36828,3176968,88
tarfind,native64,jerryscript,unspecified,.bss,49,3176968,71760
tarfind,native64,jerryscript,fill,.bss,120,3176968,71760
tarfind,native64,jerryscript,Kernel,.bss,2524088,3176968,71760
tarfind,native64,jerryscript,Heap,.bss,8192,3176968,71760
tarfind,native64,jerryscript,Runtime,.bss,4304,3176968,71760
tarfind,native64,jerryscript,app,.bss,44,3176968,71760
tarfind,native64,jerryscript,Unspecified,.bss,5588,3176968,71760
tarfind,native64,jerryscript,Debug,.bss,12850232,3176968,71760
tarfind,native64,lua,Kernel,.text,19812,2311738,176071
tarfind,native64,lua,fill,.text,25,2311738,176071
tarfind,native64,lua,unspecified,.text,431,2311738,176071
tarfind,native64,lua,Runtime,.text,155819,2311738,176071
tarfind,native64,lua,Kernel,.data,17705,2311738,88
tarfind,native64,lua,Runtime,.data,68521,2311738,88
tarfind,native64,lua,fill,.data,134,2311738,88
tarfind,native64,lua,Application,.data,1607,2311738,88
tarfind,native64,lua,unspecified,.data,1640,2311738,88
tarfind,native64,lua,Unspecified,.data,172,2311738,88
tarfind,native64,lua,unspecified,.bss,73,2311738,119296
tarfind,native64,lua,fill,.bss,104,2311738,119296
tarfind,native64,lua,Heap,.bss,60000,2311738,119296
tarfind,native64,lua,Kernel,.bss,2524753,2311738,119296
tarfind,native64,lua,app,.bss,44,2311738,119296
tarfind,native64,lua,Unspecified,.bss,1100,2311738,119296
tarfind,native64,lua,Runtime,.bss,2904841,2311738,119296
tarfind,native64,lua,Debug,.bss,1182177,2311738,119296
tarfind,native64,micropython,Kernel,.text,16444,2687275,144179
tarfind,native64,micropython,unspecified,.text,331,2687275,144179
tarfind,native64,micropython,fill,.text,127,2687275,144179
tarfind,native64,micropython,Runtime,.text,127285,2687275,144179
tarfind,native64,micropython,Kernel,.data,17536,2687275,120
tarfind,native64,micropython,Runtime,.data,84907,2687275,120
tarfind,native64,micropython,fill,.data,1250,2687275,120
tarfind,native64,micropython,Application,.data,1839,2687275,120
tarfind,native64,micropython,Unspecified,.data,180,2687275,120
tarfind,native64,micropython,unspecified,.data,984,2687275,120
tarfind,native64,micropython,unspecified,.bss,49,2687275,130240
tarfind,native64,micropython,fill,.bss,128,2687275,130240
tarfind,native64,micropython,Heap,.bss,25000,2687275,130240
tarfind,native64,micropython,Kernel,.bss,2514774,2687275,130240
tarfind,native64,micropython,Runtime,.bss,7110688,2687275,130240
tarfind,native64,micropython,app,.bss,44,2687275,130240
tarfind,native64,micropython,Unspecified,.bss,924,2687275,130240
tarfind,native64,micropython,Debug,.bss,937855,2687275,130240
tarfind,native64,native,Kernel,.text,20103,1059380,20791
tarfind,native64,native,fill,.text,25,1059380,20791
tarfind,native64,native,unspecified,.text,431,1059380,20791
tarfind,native64,native,Runtime,.text,240,1059380,20791
tarfind,native64,native,Kernel,.data,14347,1059380,88
tarfind,native64,native,fill,.data,23,1059380,88
tarfind,native64,native,Unspecified,.data,172,1059380,88
tarfind,native64,native,unspecified,.data,784,1059380,88
tarfind,native64,native,unspecified,.bss,41,1059380,59200
tarfind,native64,native,fill,.bss,112,1059380,59200
tarfind,native64,native,Kernel,.bss,2404021,1059380,59200
tarfind,native64,native,app,.bss,44,1059380,59200
tarfind,native64,native,Unspecified,.bss,880,1059380,59200
tarfind,native64,native,Debug,.bss,982825,1059380,59200
tarfind,native64,wamr,Kernel,.text,21863,2122509,124114
tarfind,native64,wamr,fill,.text,26,2122509,124114
tarfind,native64,wamr,unspecified,.text,556,2122509,124114
tarfind,native64,wamr,Runtime,.text,101625,2122509,124114
tarfind,native64,wamr,app,.text,60,2122509,124114
tarfind,native64,wamr,Kernel,.data,14756,2122509,1952
tarfind,native64,wamr,Runtime,.data,22149,2122509,1952
tarfind,native64,wamr,fill,.data,48,2122509,1952
tarfind,native64,wamr,app,.data,41,2122509,1952
tarfind,native64,wamr,Application,.data,514,2122509,1952
tarfind,native64,wamr,unspecified,.data,6366,2122509,1952
tarfind,native64,wamr,Unspecified,.data,17216,2122509,1952
tarfind,native64,wamr,unspecified,.bss,49,2122509,59472
tarfind,native64,wamr,fill,.bss,135,2122509,59472
tarfind,native64,wamr,Kernel,.bss,2711081,2122509,59472
tarfind,native64,wamr,Runtime,.bss,81,2122509,59472
tarfind,native64,wamr,app,.bss,88,2122509,59472
tarfind,native64,wamr,Unspecified,.bss,1848,2122509,59472
tarfind,native64,wamr,Debug,.bss,3944812,2122509,59472
tarfind,native64,wamr-fast,Kernel,.text,21863,2171193,132846
tarfind,native64,wamr-fast,fill,.text,26,2171193,132846
tarfind,native64,wamr-fast,unspecified,.text,556,2171193,132846
tarfind,native64,wamr-fast,Runtime,.text,110357,2171193,132846
tarfind,native64,wamr-fast,app,.text,60,2171193,132846
tarfind,native64,wamr-fast,Kernel,.data,14940,2171193,4000
tarfind,native64,wamr-fast,Runtime,.data,21309,2171193,4000
tarfind,native64,wamr-fast,fill,.data,58,2171193,4000
tarfind,native64,wamr-fast,app,.data,41,2171193,4000
tarfind,native64,wamr-fast,Application,.data,514,2171193,4000
tarfind,native64,wamr-fast,unspecified,.data,6438,2171193,4000
tarfind,native64,wamr-fast,Unspecified,.data,19000,2171193,4000
tarfind,native64,wamr-fast,unspecified,.bss,49,2171193,59488
tarfind,native64,wamr-fast,fill,.bss,135,2171193,59488
tarfind,native64,wamr-fast,Kernel,.bss,2711081,2171193,59488
tarfind,native64,wamr-fast,Runtime,.bss,97,2171193,59488
tarfind,native64,wamr-fast,app,.bss,88,2171193,59488
tarfind,native64,wamr-fast,Unspecified,.bss,1804,2171193,59488
tarfind,native64,wamr-fast,Debug,.bss,3896384,2171193,59488
tarfind,adafruit-feather-nrf52840-sense,jerryscript,Kernel,.text,49122,4162750,177668
tarfind,adafruit-feather-nrf52840-sense,jerryscript,Runtime,.text,130896,4162750,177668
tarfind,adafruit-feather-nrf52840-sense,jerryscript,fill,.text,254,4162750,177668
tarfind,adafruit-feather-nrf52840-sense,jerryscript,Application,.text,1859,4162750,177668
tarfind,adafruit-feather-nrf52840-sense,jerryscript,unspecified,.text,4765,4162750,177668
tarfind,adafruit-feather-nrf52840-sense,jerryscript,Kernel,.bss,12479,4162750,22332
tarfind,adafruit-feather-nrf52840-sense,jerryscript,Kernel,.data,158,4162750,
tarfind,adafruit-feather-nrf52840-sense,jerryscript,fill,.data,2,4162750,
tarfind,adafruit-feather-nrf52840-sense,jerryscript,fill,.bss,5,4162750,22332
tarfind,adafruit-feather-nrf52840-sense,jerryscript,Heap,.bss,8192,4162750,22332
tarfind,adafruit-feather-nrf52840-sense,jerryscript,Runtime,.bss,2168,4162750,22332
tarfind,adafruit-feather-nrf52840-sense,lua,Kernel,.text,83685,3503515,162548
tarfind,adafruit-feather-nrf52840-sense,lua,Runtime,.text,90475,3503515,162548
tarfind,adafruit-feather-nrf52840-sense,lua,fill,.text,208,3503515,162548
tarfind,adafruit-feather-nrf52840-sense,lua,app,.text,69,3503515,162548
tarfind,adafruit-feather-nrf52840-sense,lua,Application,.text,1607,3503515,162548
tarfind,adafruit-feather-nrf52840-sense,lua,Kernel,.bss,6499,3503515,65996
tarfind,adafruit-feather-nrf52840-sense,lua,Kernel,.data,622,3503515,
tarfind,adafruit-feather-nrf52840-sense,lua,fill,.data,2,3503515,
tarfind,adafruit-feather-nrf52840-sense,lua,Heap,.bss,60000,3503515,65996
tarfind,adafruit-feather-nrf52840-sense,lua,fill,.bss,9,3503515,65996
tarfind,adafruit-feather-nrf52840-sense,micropython,Kernel,.text,35713,3605217,129676
tarfind,adafruit-feather-nrf52840-sense,micropython,Runtime,.text,102741,3605217,129676
tarfind,adafruit-feather-nrf52840-sense,micropython,fill,.text,193,3605217,129676
tarfind,adafruit-feather-nrf52840-sense,micropython,Application,.text,1839,3605217,129676
tarfind,adafruit-feather-nrf52840-sense,micropython,Kernel,.bss,7439,3605217,32380
tarfind,adafruit-feather-nrf52840-sense,micropython,Kernel,.data,157,3605217,
tarfind,adafruit-feather-nrf52840-sense,micropython,fill,.data,3,3605217,
tarfind,adafruit-feather-nrf52840-sense,micropython,Heap,.bss,25000,3605217,32380
tarfind,adafruit-feather-nrf52840-sense,micropython,fill,.bss,5,3605217,32380
tarfind,adafruit-feather-nrf52840-sense,micropython,Runtime,.bss,448,3605217,32380
tarfind,adafruit-feather-nrf52840-sense,native,Kernel,.text,23331,1884245,22104
tarfind,adafruit-feather-nrf52840-sense,native,fill,.text,42,1884245,22104
tarfind,adafruit-feather-nrf52840-sense,native,Kernel,.bss,4883,1884245,4376
tarfind,adafruit-feather-nrf52840-sense,native,Kernel,.data,158,1884245,
tarfind,adafruit-feather-nrf52840-sense,native,fill,.data,2,1884245,
tarfind,adafruit-feather-nrf52840-sense,native,fill,.bss,5,1884245,4376
tarfind,adafruit-feather-nrf52840-sense,wamr,Kernel,.text,37717,3010351,96568
tarfind,adafruit-feather-nrf52840-sense,wamr,app,.text,21,3010351,96568
tarfind,adafruit-feather-nrf52840-sense,wamr,Runtime,.text,67968,3010351,96568
tarfind,adafruit-feather-nrf52840-sense,wamr,fill,.text,121,3010351,96568
tarfind,adafruit-feather-nrf52840-sense,wamr,unspecified,.text,398,3010351,96568
tarfind,adafruit-feather-nrf52840-sense,wamr,Application,.text,514,3010351,96568
tarfind,adafruit-feather-nrf52840-sense,wamr,Kernel,.bss,9656,3010351,9208
tarfind,adafruit-feather-nrf52840-sense,wamr,app,.data,16,3010351,
tarfind,adafruit-feather-nrf52840-sense,wamr,Kernel,.data,158,3010351,
tarfind,adafruit-feather-nrf52840-sense,wamr,Runtime,.data,920,3010351,
tarfind,adafruit-feather-nrf52840-sense,wamr,fill,.data,2,3010351,
tarfind,adafruit-feather-nrf52840-sense,wamr,fill,.bss,21,3010351,9208
tarfind,adafruit-feather-nrf52840-sense,wamr,Runtime,.bss,43,3010351,9208
tarfind,adafruit-feather-nrf52840-sense,wamr-fast,Kernel,.text,37717,3056758,100792
tarfind,adafruit-feather-nrf52840-sense,wamr-fast,app,.text,21,3056758,100792
tarfind,adafruit-feather-nrf52840-sense,wamr-fast,Runtime,.text,72375,3056758,100792
tarfind,adafruit-feather-nrf52840-sense,wamr-fast,fill,.text,118,3056758,100792
tarfind,adafruit-feather-nrf52840-sense,wamr-fast,unspecified,.text,398,3056758,100792
tarfind,adafruit-feather-nrf52840-sense,wamr-fast,Application,.text,514,3056758,100792
tarfind,adafruit-feather-nrf52840-sense,wamr-fast,Kernel,.bss,9656,3056758,9216
tarfind,adafruit-feather-nrf52840-sense,wamr-fast,app,.data,16,3056758,
tarfind,adafruit-feather-nrf52840-sense,wamr-fast,Kernel,.data,158,3056758,
tarfind,adafruit-feather-nrf52840-sense,wamr-fast,Runtime,.data,1944,3056758,
tarfind,adafruit-feather-nrf52840-sense,wamr-fast,fill,.data,2,3056758,
tarfind,adafruit-feather-nrf52840-sense,wamr-fast,fill,.bss,21,3056758,9216
tarfind,adafruit-feather-nrf52840-sense,wamr-fast,Runtime,.bss,51,3056758,9216
crc_32,native64,jerryscript,Runtime,.text,364816,5025817,385537
crc_32,native64,jerryscript,Kernel,.text,20290,5025817,385537
crc_32,native64,jerryscript,fill,.text,16,5025817,385537
crc_32,native64,jerryscript,unspecified,.text,431,5025817,385537
crc_32,native64,jerryscript,Kernel,.data,21753,5025817,88
crc_32,native64,jerryscript,Runtime,.data,61177,5025817,88
crc_32,native64,jerryscript,fill,.data,1226,5025817,88
crc_32,native64,jerryscript,Application,.data,3980,5025817,88
crc_32,native64,jerryscript,unspecified,.data,8850,5025817,88
crc_32,native64,jerryscript,Unspecified,.data,65204,5025817,88
crc_32,native64,jerryscript,unspecified,.bss,81,5025817,94400
crc_32,native64,jerryscript,fill,.bss,124,5025817,94400
crc_32,native64,jerryscript,Kernel,.bss,2524088,5025817,94400
crc_32,native64,jerryscript,Heap,.bss,30720,5025817,94400
crc_32,native64,jerryscript,Runtime,.bss,4380,5025817,94400
crc_32,native64,jerryscript,app,.bss,44,5025817,94400
crc_32,native64,jerryscript,Unspecified,.bss,9152,5025817,94400
crc_32,native64,jerryscript,Debug,.bss,22951679,5025817,94400
crc_32,native64,lua,Kernel,.text,19812,2311601,176014
crc_32,native64,lua,fill,.text,25,2311601,176014
crc_32,native64,lua,unspecified,.text,431,2311601,176014
crc_32,native64,lua,Runtime,.text,155762,2311601,176014
crc_32,native64,lua,Kernel,.data,17705,2311601,88
crc_32,native64,lua,Runtime,.data,68521,2311601,88
crc_32,native64,lua,fill,.data,134,2311601,88
crc_32,native64,lua,Application,.data,3783,2311601,88
crc_32,native64,lua,unspecified,.data,1640,2311601,88
crc_32,native64,lua,Unspecified,.data,172,2311601,88
crc_32,native64,lua,unspecified,.bss,73,2311601,119296
crc_32,native64,lua,fill,.bss,104,2311601,119296
crc_32,native64,lua,Heap,.bss,60000,2311601,119296
crc_32,native64,lua,Kernel,.bss,2522541,2311601,119296
crc_32,native64,lua,app,.bss,44,2311601,119296
crc_32,native64,lua,Unspecified,.bss,1100,2311601,119296
crc_32,native64,lua,Runtime,.bss,2902313,2311601,119296
crc_32,native64,lua,Debug,.bss,1180233,2311601,119296
crc_32,native64,micropython,Kernel,.text,16444,2676448,144179
crc_32,native64,micropython,unspecified,.text,331,2676448,144179
crc_32,native64,micropython,fill,.text,127,2676448,144179
crc_32,native64,micropython,Runtime,.text,127285,2676448,144179
crc_32,native64,micropython,Kernel,.data,17536,2676448,120
crc_32,native64,micropython,Runtime,.data,84907,2676448,120
crc_32,native64,micropython,fill,.data,1250,2676448,120
crc_32,native64,micropython,Application,.data,4015,2676448,120
crc_32,native64,micropython,Unspecified,.data,180,2676448,120
crc_32,native64,micropython,unspecified,.data,984,2676448,120
crc_32,native64,micropython,unspecified,.bss,49,2676448,117216
crc_32,native64,micropython,fill,.bss,120,2676448,117216
crc_32,native64,micropython,Heap,.bss,12000,2676448,117216
crc_32,native64,micropython,Kernel,.bss,2514774,2676448,117216
crc_32,native64,micropython,Runtime,.bss,7110688,2676448,117216
crc_32,native64,micropython,app,.bss,44,2676448,117216
crc_32,native64,micropython,Unspecified,.bss,924,2676448,117216
crc_32,native64,micropython,Debug,.bss,937855,2676448,117216
crc_32,native64,native,Kernel,.text,19975,1059202,20663
crc_32,native64,native,fill,.text,25,1059202,20663
crc_32,native64,native,unspecified,.text,431,1059202,20663
crc_32,native64,native,Runtime,.text,240,1059202,20663
crc_32,native64,native,Kernel,.data,15451,1059202,88
crc_32,native64,native,fill,.data,23,1059202,88
crc_32,native64,native,Unspecified,.data,172,1059202,88
crc_32,native64,native,unspecified,.data,776,1059202,88
crc_32,native64,native,unspecified,.bss,41,1059202,59200
crc_32,native64,native,fill,.bss,108,1059202,59200
crc_32,native64,native,Kernel,.bss,2403959,1059202,59200
crc_32,native64,native,app,.bss,44,1059202,59200
crc_32,native64,native,Unspecified,.bss,880,1059202,59200
crc_32,native64,native,Debug,.bss,982891,1059202,59200
crc_32,native64,wamr,Kernel,.text,21863,2123229,124114
crc_32,native64,wamr,fill,.text,26,2123229,124114
crc_32,native64,wamr,unspecified,.text,556,2123229,124114
crc_32,native64,wamr,Runtime,.text,101625,2123229,124114
crc_32,native64,wamr,app,.text,60,2123229,124114
crc_32,native64,wamr,Kernel,.data,14756,2123229,1952
crc_32,native64,wamr,Runtime,.data,22149,2123229,1952
crc_32,native64,wamr,fill,.data,44,2123229,1952
crc_32,native64,wamr,app,.data,41,2123229,1952
crc_32,native64,wamr,Application,.data,1238,2123229,1952
crc_32,native64,wamr,unspecified,.data,6366,2123229,1952
crc_32,native64,wamr,Unspecified,.data,17216,2123229,1952
crc_32,native64,wamr,unspecified,.bss,49,2123229,59472
crc_32,native64,wamr,fill,.bss,135,2123229,59472
crc_32,native64,wamr,Kernel,.bss,2711081,2123229,59472
crc_32,native64,wamr,Runtime,.bss,81,2123229,59472
crc_32,native64,wamr,app,.bss,88,2123229,59472
crc_32,native64,wamr,Unspecified,.bss,1848,2123229,59472
crc_32,native64,wamr,Debug,.bss,3944812,2123229,59472
crc_32,native64,wamr-fast,Kernel,.text,21863,2171913,132846
crc_32,native64,wamr-fast,fill,.text,26,2171913,132846
crc_32,native64,wamr-fast,unspecified,.text,556,2171913,132846
crc_32,native64,wamr-fast,Runtime,.text,110357,2171913,132846
crc_32,native64,wamr-fast,app,.text,60,2171913,132846
crc_32,native64,wamr-fast,Kernel,.data,14940,2171913,4000
crc_32,native64,wamr-fast,Runtime,.data,21309,2171913,4000
crc_32,native64,wamr-fast,fill,.data,54,2171913,4000
crc_32,native64,wamr-fast,app,.data,41,2171913,4000
crc_32,native64,wamr-fast,Application,.data,1238,2171913,4000
crc_32,native64,wamr-fast,unspecified,.data,6438,2171913,4000
crc_32,native64,wamr-fast,Unspecified,.data,19000,2171913,4000
crc_32,native64,wamr-fast,unspecified,.bss,49,2171913,59488
crc_32,native64,wamr-fast,fill,.bss,135,2171913,59488
crc_32,native64,wamr-fast,Kernel,.bss,2711081,2171913,59488
crc_32,native64,wamr-fast,Runtime,.bss,97,2171913,59488
crc_32,native64,wamr-fast,app,.bss,88,2171913,59488
crc_32,native64,wamr-fast,Unspecified,.bss,1804,2171913,59488
crc_32,native64,wamr-fast,Debug,.bss,3896384,2171913,59488
crc_32,native64,femto-container,Kernel,.text,19966,1110154,24954
crc_32,native64,femto-container,fill,.text,25,1110154,24954
crc_32,native64,femto-container,unspecified,.text,431,1110154,24954
crc_32,native64,femto-container,app,.text,249,1110154,24954
crc_32,native64,femto-container,Runtime,.text,4291,1110154,24954
crc_32,native64,femto-container,Kernel,.data,10767,1110154,1112
crc_32,native64,femto-container,app,.data,5548,1110154,1112
crc_32,native64,femto-container,fill,.data,38,1110154,1112
crc_32,native64,femto-container,Application,.data,298,1110154,1112
crc_32,native64,femto-container,Runtime,.data,2619,1110154,1112
crc_32,native64,femto-container,Unspecified,.data,172,1110154,1112
crc_32,native64,femto-container,unspecified,.data,776,1110154,1112
crc_32,native64,femto-container,unspecified,.bss,41,1110154,59744
crc_32,native64,femto-container,fill,.bss,120,1110154,59744
crc_32,native64,femto-container,Runtime,.bss,234810,1110154,59744
crc_32,native64,femto-container,Kernel,.bss,2399990,1110154,59744
crc_32,native64,femto-container,app,.bss,44,1110154,59744
crc_32,native64,femto-container,Unspecified,.bss,880,1110154,59744
crc_32,native64,femto-container,Debug,.bss,942895,1110154,59744
crc_32,native64,micro-bpf,unspecified,.text,39717,2087317,123574
crc_32,native64,micro-bpf,fill,.text,1237,2087317,123574
crc_32,native64,micro-bpf,Runtime,.text,52430,2087317,123574
crc_32,native64,micro-bpf,Kernel,.text,30198,2087317,123574
crc_32,native64,micro-bpf,Kernel,.data,19227,2087317,88
crc_32,native64,micro-bpf,fill,.data,36,2087317,88
crc_32,native64,micro-bpf,unspecified,.data,6023,2087317,88
crc_32,native64,micro-bpf,Runtime,.data,25607,2087317,88
crc_32,native64,micro-bpf,Unspecified,.data,8596,2087317,88
crc_32,native64,micro-bpf,unspecified,.bss,41,2087317,66368
crc_32,native64,micro-bpf,fill,.bss,112,2087317,66368
crc_32,native64,micro-bpf,Kernel,.bss,2083151,2087317,66368
crc_32,native64,micro-bpf,Unspecified,.bss,14847,2087317,66368
crc_32,native64,micro-bpf,Debug,.bss,2152231,2087317,66368
crc_32,adafruit-feather-nrf52840-sense,jerryscript,Kernel,.text,56683,6100970,302068
crc_32,adafruit-feather-nrf52840-sense,jerryscript,Runtime,.text,254566,6100970,302068
crc_32,adafruit-feather-nrf52840-sense,jerryscript,fill,.text,460,6100970,302068
crc_32,adafruit-feather-nrf52840-sense,jerryscript,Application,.text,3980,6100970,302068
crc_32,adafruit-feather-nrf52840-sense,jerryscript,unspecified,.text,9208,6100970,302068
crc_32,adafruit-feather-nrf52840-sense,jerryscript,Kernel,.bss,12479,6100970,44912
crc_32,adafruit-feather-nrf52840-sense,jerryscript,Kernel,.data,158,6100970,
crc_32,adafruit-feather-nrf52840-sense,jerryscript,fill,.data,2,6100970,
crc_32,adafruit-feather-nrf52840-sense,jerryscript,fill,.bss,8,6100970,44912
crc_32,adafruit-feather-nrf52840-sense,jerryscript,Heap,.bss,30720,6100970,44912
crc_32,adafruit-feather-nrf52840-sense,jerryscript,Runtime,.bss,2217,6100970,44912
crc_32,adafruit-feather-nrf52840-sense,lua,Kernel,.text,83685,3503373,164724
crc_32,adafruit-feather-nrf52840-sense,lua,Runtime,.text,90439,3503373,164724
crc_32,adafruit-feather-nrf52840-sense,lua,fill,.text,212,3503373,164724
crc_32,adafruit-feather-nrf52840-sense,lua,app,.text,69,3503373,164724
crc_32,adafruit-feather-nrf52840-sense,lua,Application,.text,3783,3503373,164724
crc_32,adafruit-feather-nrf52840-sense,lua,Kernel,.bss,6499,3503373,65996
crc_32,adafruit-feather-nrf52840-sense,lua,Kernel,.data,622,3503373,
crc_32,adafruit-feather-nrf52840-sense,lua,fill,.data,2,3503373,
crc_32,adafruit-feather-nrf52840-sense,lua,Heap,.bss,60000,3503373,65996
crc_32,adafruit-feather-nrf52840-sense,lua,fill,.bss,9,3503373,65996
crc_32,adafruit-feather-nrf52840-sense,micropython,Kernel,.text,35713,3597414,131852
crc_32,adafruit-feather-nrf52840-sense,micropython,Runtime,.text,102741,3597414,131852
crc_32,adafruit-feather-nrf52840-sense,micropython,fill,.text,193,3597414,131852
crc_32,adafruit-feather-nrf52840-sense,micropython,Application,.text,4015,3597414,131852
crc_32,adafruit-feather-nrf52840-sense,micropython,Kernel,.bss,7439,3597414,22380
crc_32,adafruit-feather-nrf52840-sense,micropython,Kernel,.data,157,3597414,
crc_32,adafruit-feather-nrf52840-sense,micropython,fill,.data,3,3597414,
crc_32,adafruit-feather-nrf52840-sense,micropython,Heap,.bss,15000,3597414,22380
crc_32,adafruit-feather-nrf52840-sense,micropython,fill,.bss,5,3597414,22380
crc_32,adafruit-feather-nrf52840-sense,micropython,Runtime,.bss,448,3597414,22380
crc_32,adafruit-feather-nrf52840-sense,native,Kernel,.text,22791,1843560,21688
crc_32,adafruit-feather-nrf52840-sense,native,fill,.text,36,1843560,21688
crc_32,adafruit-feather-nrf52840-sense,native,Kernel,.bss,4883,1843560,4376
crc_32,adafruit-feather-nrf52840-sense,native,Kernel,.data,158,1843560,
crc_32,adafruit-feather-nrf52840-sense,native,fill,.data,2,1843560,
crc_32,adafruit-feather-nrf52840-sense,native,fill,.bss,5,1843560,4376
crc_32,adafruit-feather-nrf52840-sense,wamr,Kernel,.text,37717,3011079,97296
crc_32,adafruit-feather-nrf52840-sense,wamr,app,.text,21,3011079,97296
crc_32,adafruit-feather-nrf52840-sense,wamr,Runtime,.text,67968,3011079,97296
crc_32,adafruit-feather-nrf52840-sense,wamr,fill,.text,125,3011079,97296
crc_32,adafruit-feather-nrf52840-sense,wamr,unspecified,.text,398,3011079,97296
crc_32,adafruit-feather-nrf52840-sense,wamr,Application,.text,1238,3011079,97296
crc_32,adafruit-feather-nrf52840-sense,wamr,Kernel,.bss,9656,3011079,9208
crc_32,adafruit-feather-nrf52840-sense,wamr,app,.data,16,3011079,
crc_32,adafruit-feather-nrf52840-sense,wamr,Kernel,.data,158,3011079,
crc_32,adafruit-feather-nrf52840-sense,wamr,Runtime,.data,920,3011079,
crc_32,adafruit-feather-nrf52840-sense,wamr,fill,.data,2,3011079,
crc_32,adafruit-feather-nrf52840-sense,wamr,fill,.bss,21,3011079,9208
crc_32,adafruit-feather-nrf52840-sense,wamr,Runtime,.bss,43,3011079,9208
crc_32,adafruit-feather-nrf52840-sense,wamr-fast,Kernel,.text,37717,3057486,101520
crc_32,adafruit-feather-nrf52840-sense,wamr-fast,app,.text,21,3057486,101520
crc_32,adafruit-feather-nrf52840-sense,wamr-fast,Runtime,.text,72375,3057486,101520
crc_32,adafruit-feather-nrf52840-sense,wamr-fast,fill,.text,122,3057486,101520
crc_32,adafruit-feather-nrf52840-sense,wamr-fast,unspecified,.text,398,3057486,101520
crc_32,adafruit-feather-nrf52840-sense,wamr-fast,Application,.text,1238,3057486,101520
crc_32,adafruit-feather-nrf52840-sense,wamr-fast,Kernel,.bss,9656,3057486,9216
crc_32,adafruit-feather-nrf52840-sense,wamr-fast,app,.data,16,3057486,
crc_32,adafruit-feather-nrf52840-sense,wamr-fast,Kernel,.data,158,3057486,
crc_32,adafruit-feather-nrf52840-sense,wamr-fast,Runtime,.data,1944,3057486,
crc_32,adafruit-feather-nrf52840-sense,wamr-fast,fill,.data,2,3057486,
crc_32,adafruit-feather-nrf52840-sense,wamr-fast,fill,.bss,21,3057486,9216
crc_32,adafruit-feather-nrf52840-sense,wamr-fast,Runtime,.bss,51,3057486,9216
crc_32,adafruit-feather-nrf52840-sense,femto-container,Kernel,.text,23215,1908018,26300
crc_32,adafruit-feather-nrf52840-sense,femto-container,fill,.text,54,1908018,26300
crc_32,adafruit-feather-nrf52840-sense,femto-container,Runtime,.text,3983,1908018,26300
crc_32,adafruit-feather-nrf52840-sense,femto-container,Application,.text,298,1908018,26300
crc_32,adafruit-feather-nrf52840-sense,femto-container,Kernel,.bss,4879,1908018,4892
crc_32,adafruit-feather-nrf52840-sense,femto-container,app,.data,1024,1908018,
crc_32,adafruit-feather-nrf52840-sense,femto-container,Kernel,.data,158,1908018,
crc_32,adafruit-feather-nrf52840-sense,femto-container,fill,.data,2,1908018,
crc_32,adafruit-feather-nrf52840-sense,femto-container,Runtime,.bss,520,1908018,4892
crc_32,adafruit-feather-nrf52840-sense,femto-container,fill,.bss,5,1908018,4892
crc_32,adafruit-feather-nrf52840-sense,micro-bpf,Kernel,.text,30680,2049924,98264
crc_32,adafruit-feather-nrf52840-sense,micro-bpf,fill,.text,167,2049924,98264
crc_32,adafruit-feather-nrf52840-sense,micro-bpf,Runtime,.text,62390,2049924,98264
crc_32,adafruit-feather-nrf52840-sense,micro-bpf,unspecified,.text,9185,2049924,98264
crc_32,adafruit-feather-nrf52840-sense,micro-bpf,Kernel,.bss,12051,2049924,11544
crc_32,adafruit-feather-nrf52840-sense,micro-bpf,Kernel,.data,158,2049924,
crc_32,adafruit-feather-nrf52840-sense,micro-bpf,fill,.data,2,2049924,
crc_32,adafruit-feather-nrf52840-sense,micro-bpf,fill,.bss,5,2049924,11544
md5,native64,jerryscript,Runtime,.text,196926,3190686,217643
md5,native64,jerryscript,Kernel,.text,20290,3190686,217643
md5,native64,jerryscript,fill,.text,12,3190686,217643
md5,native64,jerryscript,unspecified,.text,431,3190686,217643
md5,native64,jerryscript,Kernel,.data,17513,3190686,88
md5,native64,jerryscript,Runtime,.data,27835,3190686,88
md5,native64,jerryscript,fill,.data,619,3190686,88
md5,native64,jerryscript,Application,.data,3281,3190686,88
md5,native64,jerryscript,unspecified,.data,6046,3190686,88
md5,native64,jerryscript,Unspecified,.data,36828,3190686,88
md5,native64,jerryscript,unspecified,.bss,49,3190686,84048
md5,native64,jerryscript,fill,.bss,120,3190686,84048
md5,native64,jerryscript,Kernel,.bss,2524088,3190686,84048
md5,native64,jerryscript,Heap,.bss,20480,3190686,84048
md5,native64,jerryscript,Runtime,.bss,4304,3190686,84048
md5,native64,jerryscript,app,.bss,44,3190686,84048
md5,native64,jerryscript,Unspecified,.bss,5588,3190686,84048
md5,native64,jerryscript,Debug,.bss,12850338,3190686,84048
md5,native64,lua,Kernel,.text,19812,2345982,176014
md5,native64,lua,fill,.text,25,2345982,176014
md5,native64,lua,unspecified,.text,431,2345982,176014
md5,native64,lua,Runtime,.text,155762,2345982,176014
md5,native64,lua,Kernel,.data,17705,2345982,88
md5,native64,lua,Runtime,.data,68521,2345982,88
md5,native64,lua,fill,.data,142,2345982,88
md5,native64,lua,Application,.data,3119,2345982,88
md5,native64,lua,unspecified,.data,1640,2345982,88
md5,native64,lua,Unspecified,.data,172,2345982,88
md5,native64,lua,unspecified,.bss,73,2345982,154304
md5,native64,lua,fill,.bss,112,2345982,154304
md5,native64,lua,Heap,.bss,95000,2345982,154304
md5,native64,lua,Kernel,.bss,2522541,2345982,154304
md5,native64,lua,app,.bss,44,2345982,154304
md5,native64,lua,Unspecified,.bss,1100,2345982,154304
md5,native64,lua,Runtime,.bss,2902313,2345982,154304
md5,native64,lua,Debug,.bss,1180233,2345982,154304
md5,native64,micropython,Kernel,.text,16444,2678752,144179
md5,native64,micropython,unspecified,.text,331,2678752,144179
md5,native64,micropython,fill,.text,127,2678752,144179
md5,native64,micropython,Runtime,.text,127285,2678752,144179
md5,native64,micropython,Kernel,.data,17536,2678752,120
md5,native64,micropython,Runtime,.data,84907,2678752,120
md5,native64,micropython,fill,.data,1237,2678752,120
md5,native64,micropython,Application,.data,3324,2678752,120
md5,native64,micropython,Unspecified,.data,180,2678752,120
md5,native64,micropython,unspecified,.data,984,2678752,120
md5,native64,micropython,unspecified,.bss,49,2678752,120224
md5,native64,micropython,fill,.bss,128,2678752,120224
md5,native64,micropython,Heap,.bss,15000,2678752,120224
md5,native64,micropython,Kernel,.bss,2514774,2678752,120224
md5,native64,micropython,Runtime,.bss,7110688,2678752,120224
md5,native64,micropython,app,.bss,44,2678752,120224
md5,native64,micropython,Unspecified,.bss,924,2678752,120224
md5,native64,micropython,Debug,.bss,937855,2678752,120224
md5,native64,native,Kernel,.text,21555,1061846,22243
md5,native64,native,fill,.text,25,1061846,22243
md5,native64,native,unspecified,.text,431,1061846,22243
md5,native64,native,Runtime,.text,240,1061846,22243
md5,native64,native,Kernel,.data,14403,1061846,88
md5,native64,native,fill,.data,23,1061846,88
md5,native64,native,Unspecified,.data,172,1061846,88
md5,native64,native,unspecified,.data,784,1061846,88
md5,native64,native,unspecified,.bss,41,1061846,59200
md5,native64,native,fill,.bss,112,1061846,59200
md5,native64,native,Kernel,.bss,2404037,1061846,59200
md5,native64,native,app,.bss,44,1061846,59200
md5,native64,native,Unspecified,.bss,880,1061846,59200
md5,native64,native,Debug,.bss,982825,1061846,59200
md5,native64,wamr,Kernel,.text,21863,2123389,124114
md5,native64,wamr,fill,.text,26,2123389,124114
md5,native64,wamr,unspecified,.text,556,2123389,124114
md5,native64,wamr,Runtime,.text,101625,2123389,124114
md5,native64,wamr,app,.text,60,2123389,124114
md5,native64,wamr,Kernel,.data,14756,2123389,1952
md5,native64,wamr,Runtime,.data,22149,2123389,1952
md5,native64,wamr,fill,.data,44,2123389,1952
md5,native64,wamr,app,.data,41,2123389,1952
md5,native64,wamr,Application,.data,1398,2123389,1952
md5,native64,wamr,unspecified,.data,6366,2123389,1952
md5,native64,wamr,Unspecified,.data,17216,2123389,1952
md5,native64,wamr,unspecified,.bss,49,2123389,59472
md5,native64,wamr,fill,.bss,135,2123389,59472
md5,native64,wamr,Kernel,.bss,2711081,2123389,59472
md5,native64,wamr,Runtime,.bss,81,2123389,59472
md5,native64,wamr,app,.bss,88,2123389,59472
md5,native64,wamr,Unspecified,.bss,1848,2123389,59472
md5,native64,wamr,Debug,.bss,3944812,2123389,59472
md5,native64,wamr-fast,Kernel,.text,21863,2172073,132846
md5,native64,wamr-fast,fill,.text,26,2172073,132846
md5,native64,wamr-fast,unspecified,.text,556,2172073,132846
md5,native64,wamr-fast,Runtime,.text,110357,2172073,132846
md5,native64,wamr-fast,app,.text,60,2172073,132846
md5,native64,wamr-fast,Kernel,.data,14940,2172073,4000
md5,native64,wamr-fast,Runtime,.data,21309,2172073,4000
md5,native64,wamr-fast,fill,.data,54,2172073,4000
md5,native64,wamr-fast,app,.data,41,2172073,4000
md5,native64,wamr-fast,Application,.data,1398,2172073,4000
md5,native64,wamr-fast,unspecified,.data,6438,2172073,4000
md5,native64,wamr-fast,Unspecified,.data,19000,2172073,4000
md5,native64,wamr-fast,unspecified,.bss,49,2172073,59488
md5,native64,wamr-fast,fill,.bss,135,2172073,59488
md5,native64,wamr-fast,Kernel,.bss,2711081,2172073,59488
md5,native64,wamr-fast,Runtime,.bss,97,2172073,59488
md5,native64,wamr-fast,app,.bss,88,2172073,59488
md5,native64,wamr-fast,Unspecified,.bss,1804,2172073,59488
md5,native64,wamr-fast,Debug,.bss,3896384,2172073,59488
md5,adafruit-feather-nrf52840-sense,jerryscript,Kernel,.text,49122,4176484,179092
md5,adafruit-feather-nrf52840-sense,jerryscript,Runtime,.text,130896,4176484,179092
md5,adafruit-feather-nrf52840-sense,jerryscript,fill,.text,256,4176484,179092
md5,adafruit-feather-nrf52840-sense,jerryscript,Application,.text,3281,4176484,179092
md5,adafruit-feather-nrf52840-sense,jerryscript,unspecified,.text,4765,4176484,179092
md5,adafruit-feather-nrf52840-sense,jerryscript,Kernel,.bss,12479,4176484,34620
md5,adafruit-feather-nrf52840-sense,jerryscript,Kernel,.data,158,4176484,
md5,adafruit-feather-nrf52840-sense,jerryscript,fill,.data,2,4176484,
md5,adafruit-feather-nrf52840-sense,jerryscript,fill,.bss,5,4176484,34620
md5,adafruit-feather-nrf52840-sense,jerryscript,Heap,.bss,20480,4176484,34620
md5,adafruit-feather-nrf52840-sense,jerryscript,Runtime,.bss,2168,4176484,34620
md5,adafruit-feather-nrf52840-sense,lua,Kernel,.text,83685,3537722,164060
md5,adafruit-feather-nrf52840-sense,lua,Runtime,.text,90443,3537722,164060
md5,adafruit-feather-nrf52840-sense,lua,fill,.text,208,3537722,164060
md5,adafruit-feather-nrf52840-sense,lua,app,.text,69,3537722,164060
md5,adafruit-feather-nrf52840-sense,lua,Application,.text,3119,3537722,164060
md5,adafruit-feather-nrf52840-sense,lua,Kernel,.bss,6499,3537722,100996
md5,adafruit-feather-nrf52840-sense,lua,Kernel,.data,622,3537722,
md5,adafruit-feather-nrf52840-sense,lua,fill,.data,2,3537722,
md5,adafruit-feather-nrf52840-sense,lua,Heap,.bss,95000,3537722,100996
md5,adafruit-feather-nrf52840-sense,lua,fill,.bss,9,3537722,100996
md5,adafruit-feather-nrf52840-sense,micropython,Kernel,.text,35713,3596722,131160
md5,adafruit-feather-nrf52840-sense,micropython,Runtime,.text,102741,3596722,131160
md5,adafruit-feather-nrf52840-sense,micropython,fill,.text,192,3596722,131160
md5,adafruit-feather-nrf52840-sense,micropython,Application,.text,3324,3596722,131160
md5,adafruit-feather-nrf52840-sense,micropython,Kernel,.bss,7439,3596722,22380
md5,adafruit-feather-nrf52840-sense,micropython,Kernel,.data,157,3596722,
md5,adafruit-feather-nrf52840-sense,micropython,fill,.data,3,3596722,
md5,adafruit-feather-nrf52840-sense,micropython,Heap,.bss,15000,3596722,22380
md5,adafruit-feather-nrf52840-sense,micropython,fill,.bss,5,3596722,22380
md5,adafruit-feather-nrf52840-sense,micropython,Runtime,.bss,448,3596722,22380
md5,adafruit-feather-nrf52840-sense,native,Kernel,.text,22799,1858005,21656
md5,adafruit-feather-nrf52840-sense,native,fill,.text,44,1858005,21656
md5,adafruit-feather-nrf52840-sense,native,Kernel,.bss,4899,1858005,4392
md5,adafruit-feather-nrf52840-sense,native,Kernel,.data,158,1858005,
md5,adafruit-feather-nrf52840-sense,native,fill,.data,2,1858005,
md5,adafruit-feather-nrf52840-sense,native,fill,.bss,5,1858005,4392
md5,adafruit-feather-nrf52840-sense,wamr,Kernel,.text,37717,3011239,97456
md5,adafruit-feather-nrf52840-sense,wamr,app,.text,21,3011239,97456
md5,adafruit-feather-nrf52840-sense,wamr,Runtime,.text,67968,3011239,97456
md5,adafruit-feather-nrf52840-sense,wamr,fill,.text,125,3011239,97456
md5,adafruit-feather-nrf52840-sense,wamr,unspecified,.text,398,3011239,97456
md5,adafruit-feather-nrf52840-sense,wamr,Application,.text,1398,3011239,97456
md5,adafruit-feather-nrf52840-sense,wamr,Kernel,.bss,9656,3011239,9208
md5,adafruit-feather-nrf52840-sense,wamr,app,.data,16,3011239,
md5,adafruit-feather-nrf52840-sense,wamr,Kernel,.data,158,3011239,
md5,adafruit-feather-nrf52840-sense,wamr,Runtime,.data,920,3011239,
md5,adafruit-feather-nrf52840-sense,wamr,fill,.data,2,3011239,
md5,adafruit-feather-nrf52840-sense,wamr,fill,.bss,21,3011239,9208
md5,adafruit-feather-nrf52840-sense,wamr,Runtime,.bss,43,3011239,9208
md5,adafruit-feather-nrf52840-sense,wamr-fast,Kernel,.text,37717,3057646,101680
md5,adafruit-feather-nrf52840-sense,wamr-fast,app,.text,21,3057646,101680
md5,adafruit-feather-nrf52840-sense,wamr-fast,Runtime,.text,72375,3057646,101680
md5,adafruit-feather-nrf52840-sense,wamr-fast,fill,.text,122,3057646,101680
md5,adafruit-feather-nrf52840-sense,wamr-fast,unspecified,.text,398,3057646,101680
md5,adafruit-feather-nrf52840-sense,wamr-fast,Application,.text,1398,3057646,101680
md5,adafruit-feather-nrf52840-sense,wamr-fast,Kernel,.bss,9656,3057646,9216
md5,adafruit-feather-nrf52840-sense,wamr-fast,app,.data,16,3057646,
md5,adafruit-feather-nrf52840-sense,wamr-fast,Kernel,.data,158,3057646,
md5,adafruit-feather-nrf52840-sense,wamr-fast,Runtime,.data,1944,3057646,
md5,adafruit-feather-nrf52840-sense,wamr-fast,fill,.data,2,3057646,
md5,adafruit-feather-nrf52840-sense,wamr-fast,fill,.bss,21,3057646,9216
md5,adafruit-feather-nrf52840-sense,wamr-fast,Runtime,.bss,51,3057646,9216
xgboost,native64,jerryscript,Runtime,.text,138588,2654778,159317
xgboost,native64,jerryscript,Kernel,.text,20290,2654778,159317
xgboost,native64,jerryscript,fill,.text,24,2654778,159317
xgboost,native64,jerryscript,unspecified,.text,431,2654778,159317
xgboost,native64,jerryscript,Kernel,.data,15993,2654778,88
xgboost,native64,jerryscript,Runtime,.data,19681,2654778,88
xgboost,native64,jerryscript,fill,.data,235,2654778,88
xgboost,native64,jerryscript,Application,.data,26997,2654778,88
xgboost,native64,jerryscript,unspecified,.data,3263,2654778,88
xgboost,native64,jerryscript,Unspecified,.data,27820,2654778,88
xgboost,native64,jerryscript,unspecified,.bss,49,2654778,114704
xgboost,native64,jerryscript,fill,.bss,120,2654778,114704
xgboost,native64,jerryscript,Kernel,.bss,2524088,2654778,114704
xgboost,native64,jerryscript,Heap,.bss,51200,2654778,114704
xgboost,native64,jerryscript,Runtime,.bss,4240,2654778,114704
xgboost,native64,jerryscript,app,.bss,44,2654778,114704
xgboost,native64,jerryscript,Unspecified,.bss,4004,2654778,114704
xgboost,native64,jerryscript,Debug,.bss,8700332,2654778,114704
xgboost,native64,lua,Kernel,.text,19812,2501855,176014
xgboost,native64,lua,fill,.text,25,2501855,176014
xgboost,native64,lua,unspecified,.text,431,2501855,176014
xgboost,native64,lua,Runtime,.text,155762,2501855,176014
xgboost,native64,lua,Kernel,.data,17705,2501855,88
xgboost,native64,lua,Runtime,.data,68521,2501855,88
xgboost,native64,lua,fill,.data,135,2501855,88
xgboost,native64,lua,Application,.data,24022,2501855,88
xgboost,native64,lua,unspecified,.data,1640,2501855,88
xgboost,native64,lua,Unspecified,.data,172,2501855,88
xgboost,native64,lua,unspecified,.bss,73,2501855,289280
xgboost,native64,lua,fill,.bss,104,2501855,289280
xgboost,native64,lua,Heap,.bss,230000,2501855,289280
xgboost,native64,lua,Kernel,.bss,2522569,2501855,289280
xgboost,native64,lua,app,.bss,44,2501855,289280
xgboost,native64,lua,Unspecified,.bss,1100,2501855,289280
xgboost,native64,lua,Runtime,.bss,2902345,2501855,289280
xgboost,native64,lua,Debug,.bss,1180257,2501855,289280
xgboost,native64,micropython,Kernel,.text,16444,2794478,144179
xgboost,native64,micropython,unspecified,.text,331,2794478,144179
xgboost,native64,micropython,fill,.text,127,2794478,144179
xgboost,native64,micropython,Runtime,.text,127285,2794478,144179
xgboost,native64,micropython,Kernel,.data,17536,2794478,120
xgboost,native64,micropython,Runtime,.data,84907,2794478,120
xgboost,native64,micropython,fill,.data,1237,2794478,120
xgboost,native64,micropython,Application,.data,24012,2794478,120
xgboost,native64,micropython,Unspecified,.data,180,2794478,120
xgboost,native64,micropython,unspecified,.data,984,2794478,120
xgboost,native64,micropython,unspecified,.bss,49,2794478,215232
xgboost,native64,micropython,fill,.bss,120,2794478,215232
xgboost,native64,micropython,Heap,.bss,110000,2794478,215232
xgboost,native64,micropython,Kernel,.bss,2514802,2794478,215232
xgboost,native64,micropython,Runtime,.bss,7110774,2794478,215232
xgboost,native64,micropython,app,.bss,44,2794478,215232
xgboost,native64,micropython,Unspecified,.bss,924,2794478,215232
xgboost,native64,micropython,Debug,.bss,937875,2794478,215232
xgboost,native64,native,Kernel,.text,20117,1068123,20805
xgboost,native64,native,fill,.text,25,1068123,20805
xgboost,native64,native,unspecified,.text,431,1068123,20805
xgboost,native64,native,Runtime,.text,240,1068123,20805
xgboost,native64,native,Kernel,.data,22680,1068123,88
xgboost,native64,native,fill,.data,90,1068123,88
xgboost,native64,native,Unspecified,.data,172,1068123,88
xgboost,native64,native,unspecified,.data,776,1068123,88
xgboost,native64,native,unspecified,.bss,41,1068123,59200
xgboost,native64,native,fill,.bss,112,1068123,59200
xgboost,native64,native,Kernel,.bss,2403569,1068123,59200
xgboost,native64,native,app,.bss,44,1068123,59200
xgboost,native64,native,Unspecified,.bss,880,1068123,59200
xgboost,native64,native,Debug,.bss,983277,1068123,59200
xgboost,native64,wamr,Kernel,.text,21863,2130978,124114
xgboost,native64,wamr,fill,.text,26,2130978,124114
xgboost,native64,wamr,unspecified,.text,556,2130978,124114
xgboost,native64,wamr,Runtime,.text,101625,2130978,124114
xgboost,native64,wamr,app,.text,60,2130978,124114
xgboost,native64,wamr,Kernel,.data,14756,2130978,1952
xgboost,native64,wamr,Runtime,.data,22149,2130978,1952
xgboost,native64,wamr,fill,.data,39,2130978,1952
xgboost,native64,wamr,app,.data,41,2130978,1952
xgboost,native64,wamr,Application,.data,8971,2130978,1952
xgboost,native64,wamr,unspecified,.data,6366,2130978,1952
xgboost,native64,wamr,Unspecified,.data,17216,2130978,1952
xgboost,native64,wamr,unspecified,.bss,49,2130978,59472
xgboost,native64,wamr,fill,.bss,135,2130978,59472
xgboost,native64,wamr,Kernel,.bss,2711081,2130978,59472
xgboost,native64,wamr,Runtime,.bss,81,2130978,59472
xgboost,native64,wamr,app,.bss,88,2130978,59472
xgboost,native64,wamr,Unspecified,.bss,1848,2130978,59472
xgboost,native64,wamr,Debug,.bss,3944833,2130978,59472
xgboost,native64,wamr-fast,Kernel,.text,21863,2179662,132846
xgboost,native64,wamr-fast,fill,.text,26,2179662,132846
xgboost,native64,wamr-fast,unspecified,.text,556,2179662,132846
xgboost,native64,wamr-fast,Runtime,.text,110357,2179662,132846
xgboost,native64,wamr-fast,app,.text,60,2179662,132846
xgboost,native64,wamr-fast,Kernel,.data,14940,2179662,4000
xgboost,native64,wamr-fast,Runtime,.data,21309,2179662,4000
xgboost,native64,wamr-fast,fill,.data,49,2179662,4000
xgboost,native64,wamr-fast,app,.data,41,2179662,4000
xgboost,native64,wamr-fast,Application,.data,8971,2179662,4000
xgboost,native64,wamr-fast,unspecified,.data,6438,2179662,4000
xgboost,native64,wamr-fast,Unspecified,.data,19000,2179662,4000
xgboost,native64,wamr-fast,unspecified,.bss,49,2179662,59488
xgboost,native64,wamr-fast,fill,.bss,135,2179662,59488
xgboost,native64,wamr-fast,Kernel,.bss,2711081,2179662,59488
xgboost,native64,wamr-fast,Runtime,.bss,97,2179662,59488
xgboost,native64,wamr-fast,app,.bss,88,2179662,59488
xgboost,native64,wamr-fast,Unspecified,.bss,1804,2179662,59488
xgboost,native64,wamr-fast,Debug,.bss,3896405,2179662,59488
xgboost,native64,femto-container,Kernel,.text,19966,1118706,24954
xgboost,native64,femto-container,fill,.text,25,1118706,24954
xgboost,native64,femto-container,unspecified,.text,431,1118706,24954
xgboost,native64,femto-container,app,.text,249,1118706,24954
xgboost,native64,femto-container,Runtime,.text,4291,1118706,24954
xgboost,native64,femto-container,Kernel,.data,10767,1118706,8376
xgboost,native64,femto-container,app,.data,4524,1118706,8376
xgboost,native64,femto-container,fill,.data,41,1118706,8376
xgboost,native64,femto-container,Application,.data,1186,1118706,8376
xgboost,native64,femto-container,Runtime,.data,10904,1118706,8376
xgboost,native64,femto-container,Unspecified,.data,172,1118706,8376
xgboost,native64,femto-container,unspecified,.data,776,1118706,8376
xgboost,native64,femto-container,unspecified,.bss,41,1118706,59744
xgboost,native64,femto-container,fill,.bss,120,1118706,59744
xgboost,native64,femto-container,Runtime,.bss,234810,1118706,59744
xgboost,native64,femto-container,Kernel,.bss,2399990,1118706,59744
xgboost,native64,femto-container,app,.bss,44,1118706,59744
xgboost,native64,femto-container,Unspecified,.bss,880,1118706,59744
xgboost,native64,femto-container,Debug,.bss,942911,1118706,59744
xgboost,native64,micro-bpf,unspecified,.text,39717,2094437,123574
xgboost,native64,micro-bpf,fill,.text,1237,2094437,123574
xgboost,native64,micro-bpf,Runtime,.text,52430,2094437,123574
xgboost,native64,micro-bpf,Kernel,.text,30198,2094437,123574
xgboost,native64,micro-bpf,Kernel,.data,19227,2094437,88
xgboost,native64,micro-bpf,fill,.data,36,2094437,88
xgboost,native64,micro-bpf,unspecified,.data,6023,2094437,88
xgboost,native64,micro-bpf,Runtime,.data,32727,2094437,88
xgboost,native64,micro-bpf,Unspecified,.data,8596,2094437,88
xgboost,native64,micro-bpf,unspecified,.bss,41,2094437,66368
xgboost,native64,micro-bpf,fill,.bss,112,2094437,66368
xgboost,native64,micro-bpf,Kernel,.bss,2083151,2094437,66368
xgboost,native64,micro-bpf,Unspecified,.bss,14847,2094437,66368
xgboost,native64,micro-bpf,Debug,.bss,2152231,2094437,66368
xgboost,adafruit-feather-nrf52840-sense,jerryscript,Kernel,.text,29062,3474268,140584
xgboost,adafruit-feather-nrf52840-sense,jerryscript,Runtime,.text,88244,3474268,140584
xgboost,adafruit-feather-nrf52840-sense,jerryscript,fill,.text,147,3474268,140584
xgboost,adafruit-feather-nrf52840-sense,jerryscript,Application,.text,26997,3474268,140584
xgboost,adafruit-feather-nrf52840-sense,jerryscript,unspecified,.text,2799,3474268,140584
xgboost,adafruit-feather-nrf52840-sense,jerryscript,Kernel,.bss,12479,3474268,75548
xgboost,adafruit-feather-nrf52840-sense,jerryscript,Kernel,.data,158,3474268,
xgboost,adafruit-feather-nrf52840-sense,jerryscript,fill,.data,2,3474268,
xgboost,adafruit-feather-nrf52840-sense,jerryscript,fill,.bss,5,3474268,75548
xgboost,adafruit-feather-nrf52840-sense,jerryscript,Heap,.bss,61440,3474268,75548
xgboost,adafruit-feather-nrf52840-sense,jerryscript,Runtime,.bss,2136,3474268,75548
xgboost,adafruit-feather-nrf52840-sense,lua,Kernel,.text,83685,3693627,184964
xgboost,adafruit-feather-nrf52840-sense,lua,Runtime,.text,90443,3693627,184964
xgboost,adafruit-feather-nrf52840-sense,lua,fill,.text,209,3693627,184964
xgboost,adafruit-feather-nrf52840-sense,lua,app,.text,69,3693627,184964
xgboost,adafruit-feather-nrf52840-sense,lua,Application,.text,24022,3693627,184964
xgboost,adafruit-feather-nrf52840-sense,lua,Kernel,.bss,6499,3693627,235996
xgboost,adafruit-feather-nrf52840-sense,lua,Kernel,.data,622,3693627,
xgboost,adafruit-feather-nrf52840-sense,lua,fill,.data,2,3693627,
xgboost,adafruit-feather-nrf52840-sense,lua,Heap,.bss,230000,3693627,235996
xgboost,adafruit-feather-nrf52840-sense,lua,fill,.bss,9,3693627,235996
xgboost,adafruit-feather-nrf52840-sense,micropython,Kernel,.text,35717,3712424,151848
xgboost,adafruit-feather-nrf52840-sense,micropython,Runtime,.text,102741,3712424,151848
xgboost,adafruit-feather-nrf52840-sense,micropython,fill,.text,188,3712424,151848
xgboost,adafruit-feather-nrf52840-sense,micropython,Application,.text,24012,3712424,151848
xgboost,adafruit-feather-nrf52840-sense,micropython,Kernel,.bss,7439,3712424,117380
xgboost,adafruit-feather-nrf52840-sense,micropython,Kernel,.data,157,3712424,
xgboost,adafruit-feather-nrf52840-sense,micropython,fill,.data,3,3712424,
xgboost,adafruit-feather-nrf52840-sense,micropython,Heap,.bss,110000,3712424,117380
xgboost,adafruit-feather-nrf52840-sense,micropython,fill,.bss,5,3712424,117380
xgboost,adafruit-feather-nrf52840-sense,micropython,Runtime,.bss,448,3712424,117380
xgboost,adafruit-feather-nrf52840-sense,native,Kernel,.text,30196,1851856,29076
xgboost,adafruit-feather-nrf52840-sense,native,fill,.text,35,1851856,29076
xgboost,adafruit-feather-nrf52840-sense,native,Kernel,.bss,4879,1851856,4372
xgboost,adafruit-feather-nrf52840-sense,native,Kernel,.data,158,1851856,
xgboost,adafruit-feather-nrf52840-sense,native,fill,.data,2,1851856,
xgboost,adafruit-feather-nrf52840-sense,native,fill,.bss,5,1851856,4372
xgboost,adafruit-feather-nrf52840-sense,wamr,Kernel,.text,37717,3018836,105032
xgboost,adafruit-feather-nrf52840-sense,wamr,app,.text,21,3018836,105032
xgboost,adafruit-feather-nrf52840-sense,wamr,Runtime,.text,67968,3018836,105032
xgboost,adafruit-feather-nrf52840-sense,wamr,fill,.text,128,3018836,105032
xgboost,adafruit-feather-nrf52840-sense,wamr,unspecified,.text,398,3018836,105032
xgboost,adafruit-feather-nrf52840-sense,wamr,Application,.text,8971,3018836,105032
xgboost,adafruit-feather-nrf52840-sense,wamr,Kernel,.bss,9656,3018836,9208
xgboost,adafruit-feather-nrf52840-sense,wamr,app,.data,16,3018836,
xgboost,adafruit-feather-nrf52840-sense,wamr,Kernel,.data,158,3018836,
xgboost,adafruit-feather-nrf52840-sense,wamr,Runtime,.data,920,3018836,
xgboost,adafruit-feather-nrf52840-sense,wamr,fill,.data,2,3018836,
xgboost,adafruit-feather-nrf52840-sense,wamr,fill,.bss,21,3018836,9208
xgboost,adafruit-feather-nrf52840-sense,wamr,Runtime,.bss,43,3018836,9208
xgboost,adafruit-feather-nrf52840-sense,wamr-fast,Kernel,.text,37717,3065235,109248
xgboost,adafruit-feather-nrf52840-sense,wamr-fast,app,.text,21,3065235,109248
xgboost,adafruit-feather-nrf52840-sense,wamr-fast,Runtime,.text,72375,3065235,109248
xgboost,adafruit-feather-nrf52840-sense,wamr-fast,fill,.text,117,3065235,109248
xgboost,adafruit-feather-nrf52840-sense,wamr-fast,unspecified,.text,398,3065235,109248
xgboost,adafruit-feather-nrf52840-sense,wamr-fast,Application,.text,8971,3065235,109248
xgboost,adafruit-feather-nrf52840-sense,wamr-fast,Kernel,.bss,9656,3065235,9216
xgboost,adafruit-feather-nrf52840-sense,wamr-fast,app,.data,16,3065235,
xgboost,adafruit-feather-nrf52840-sense,wamr-fast,Kernel,.data,158,3065235,
xgboost,adafruit-feather-nrf52840-sense,wamr-fast,Runtime,.data,1944,3065235,
xgboost,adafruit-feather-nrf52840-sense,wamr-fast,fill,.data,2,3065235,
xgboost,adafruit-feather-nrf52840-sense,wamr-fast,fill,.bss,21,3065235,9216
xgboost,adafruit-feather-nrf52840-sense,wamr-fast,Runtime,.bss,51,3065235,9216
xgboost,adafruit-feather-nrf52840-sense,femto-container,Kernel,.text,23215,1916564,27188
xgboost,adafruit-feather-nrf52840-sense,femto-container,fill,.text,54,1916564,27188
xgboost,adafruit-feather-nrf52840-sense,femto-container,Runtime,.text,3983,1916564,27188
xgboost,adafruit-feather-nrf52840-sense,femto-container,Application,.text,1186,1916564,27188
xgboost,adafruit-feather-nrf52840-sense,femto-container,Kernel,.bss,4879,1916564,4892
xgboost,adafruit-feather-nrf52840-sense,femto-container,Runtime,.data,8285,1916564,
xgboost,adafruit-feather-nrf52840-sense,femto-container,fill,.data,5,1916564,
xgboost,adafruit-feather-nrf52840-sense,femto-container,Kernel,.data,158,1916564,
xgboost,adafruit-feather-nrf52840-sense,femto-container,Runtime,.bss,520,1916564,4892
xgboost,adafruit-feather-nrf52840-sense,femto-container,fill,.bss,5,1916564,4892
xgboost,adafruit-feather-nrf52840-sense,micro-bpf,Kernel,.text,30680,2057044,105384
xgboost,adafruit-feather-nrf52840-sense,micro-bpf,fill,.text,167,2057044,105384
xgboost,adafruit-feather-nrf52840-sense,micro-bpf,Runtime,.text,69510,2057044,105384
xgboost,adafruit-feather-nrf52840-sense,micro-bpf,unspecified,.text,9185,2057044,105384
xgboost,adafruit-feather-nrf52840-sense,micro-bpf,Kernel,.bss,12051,2057044,11544
xgboost,adafruit-feather-nrf52840-sense,micro-bpf,Kernel,.data,158,2057044,
xgboost,adafruit-feather-nrf52840-sense,micro-bpf,fill,.data,2,2057044,
xgboost,adafruit-feather-nrf52840-sense,micro-bpf,fill,.bss,5,2057044,11544
libud,native64,jerryscript,Runtime,.text,138588,2585444,159317
libud,native64,jerryscript,Kernel,.text,20290,2585444,159317
libud,native64,jerryscript,fill,.text,24,2585444,159317
libud,native64,jerryscript,unspecified,.text,431,2585444,159317
libud,native64,jerryscript,Kernel,.data,15993,2585444,88
libud,native64,jerryscript,Runtime,.data,19681,2585444,88
libud,native64,jerryscript,fill,.data,233,2585444,88
libud,native64,jerryscript,Application,.data,1719,2585444,88
libud,native64,jerryscript,unspecified,.data,3263,2585444,88
libud,native64,jerryscript,Unspecified,.data,27820,2585444,88
libud,native64,jerryscript,unspecified,.bss,49,2585444,70672
libud,native64,jerryscript,fill,.bss,120,2585444,70672
libud,native64,jerryscript,Kernel,.bss,2524088,2585444,70672
libud,native64,jerryscript,Heap,.bss,7168,2585444,70672
libud,native64,jerryscript,Runtime,.bss,4240,2585444,70672
libud,native64,jerryscript,app,.bss,44,2585444,70672
libud,native64,jerryscript,Unspecified,.bss,4004,2585444,70672
libud,native64,jerryscript,Debug,.bss,8700262,2585444,70672
libud,native64,lua,Kernel,.text,19812,2284956,176014
libud,native64,lua,fill,.text,25,2284956,176014
libud,native64,lua,unspecified,.text,431,2284956,176014
libud,native64,lua,Runtime,.text,155762,2284956,176014
libud,native64,lua,Kernel,.data,17705,2284956,88
libud,native64,lua,Runtime,.data,68521,2284956,88
libud,native64,lua,fill,.data,144,2284956,88
libud,native64,lua,Application,.data,2125,2284956,88
libud,native64,lua,unspecified,.data,1640,2284956,88
libud,native64,lua,Unspecified,.data,172,2284956,88
libud,native64,lua,unspecified,.bss,73,2284956,94304
libud,native64,lua,fill,.bss,112,2284956,94304
libud,native64,lua,Heap,.bss,35000,2284956,94304
libud,native64,lua,Kernel,.bss,2522541,2284956,94304
libud,native64,lua,app,.bss,44,2284956,94304
libud,native64,lua,Unspecified,.bss,1100,2284956,94304
libud,native64,lua,Runtime,.bss,2902313,2284956,94304
libud,native64,lua,Debug,.bss,1180233,2284956,94304
libud,native64,micropython,Kernel,.text,16444,2672971,144179
libud,native64,micropython,unspecified,.text,331,2672971,144179
libud,native64,micropython,fill,.text,127,2672971,144179
libud,native64,micropython,Runtime,.text,127285,2672971,144179
libud,native64,micropython,Kernel,.data,17536,2672971,120
libud,native64,micropython,Runtime,.data,84907,2672971,120
libud,native64,micropython,fill,.data,1246,2672971,120
libud,native64,micropython,Application,.data,1555,2672971,120
libud,native64,micropython,Unspecified,.data,180,2672971,120
libud,native64,micropython,unspecified,.data,984,2672971,120
libud,native64,micropython,unspecified,.bss,49,2672971,116224
libud,native64,micropython,fill,.bss,128,2672971,116224
libud,native64,micropython,Heap,.bss,11000,2672971,116224
libud,native64,micropython,Kernel,.bss,2514774,2672971,116224
libud,native64,micropython,Runtime,.bss,7110688,2672971,116224
libud,native64,micropython,app,.bss,44,2672971,116224
libud,native64,micropython,Unspecified,.bss,924,2672971,116224
libud,native64,micropython,Debug,.bss,937855,2672971,116224
libud,native64,native,Kernel,.text,20601,1062840,21289
libud,native64,native,fill,.text,25,1062840,21289
libud,native64,native,unspecified,.text,431,1062840,21289
libud,native64,native,Runtime,.text,240,1062840,21289
libud,native64,native,Kernel,.data,14395,1062840,88
libud,native64,native,fill,.data,23,1062840,88
libud,native64,native,Unspecified,.data,172,1062840,88
libud,native64,native,unspecified,.data,784,1062840,88
libud,native64,native,unspecified,.bss,41,1062840,62720
libud,native64,native,fill,.bss,108,1062840,62720
libud,native64,native,Kernel,.bss,2405840,1062840,62720
libud,native64,native,app,.bss,44,1062840,62720
libud,native64,native,Unspecified,.bss,880,1062840,62720
libud,native64,native,Debug,.bss,984530,1062840,62720
libud,native64,wamr,Kernel,.text,21863,2123037,124114
libud,native64,wamr,fill,.text,26,2123037,124114
libud,native64,wamr,unspecified,.text,556,2123037,124114
libud,native64,wamr,Runtime,.text,101625,2123037,124114
libud,native64,wamr,app,.text,60,2123037,124114
libud,native64,wamr,Kernel,.data,14756,2123037,1952
libud,native64,wamr,Runtime,.data,22149,2123037,1952
libud,native64,wamr,fill,.data,39,2123037,1952
libud,native64,wamr,app,.data,41,2123037,1952
libud,native64,wamr,Application,.data,1051,2123037,1952
libud,native64,wamr,unspecified,.data,6366,2123037,1952
libud,native64,wamr,Unspecified,.data,17216,2123037,1952
libud,native64,wamr,unspecified,.bss,49,2123037,59472
libud,native64,wamr,fill,.bss,135,2123037,59472
libud,native64,wamr,Kernel,.bss,2711081,2123037,59472
libud,native64,wamr,Runtime,.bss,81,2123037,59472
libud,native64,wamr,app,.bss,88,2123037,59472
libud,native64,wamr,Unspecified,.bss,1848,2123037,59472
libud,native64,wamr,Debug,.bss,3944812,2123037,59472
libud,native64,wamr-fast,Kernel,.text,21863,2171721,132846
libud,native64,wamr-fast,fill,.text,26,2171721,132846
libud,native64,wamr-fast,unspecified,.text,556,2171721,132846
libud,native64,wamr-fast,Runtime,.text,110357,2171721,132846
libud,native64,wamr-fast,app,.text,60,2171721,132846
libud,native64,wamr-fast,Kernel,.data,14940,2171721,4000
libud,native64,wamr-fast,Runtime,.data,21309,2171721,4000
libud,native64,wamr-fast,fill,.data,49,2171721,4000
libud,native64,wamr-fast,app,.data,41,2171721,4000
libud,native64,wamr-fast,Application,.data,1051,2171721,4000
libud,native64,wamr-fast,unspecified,.data,6438,2171721,4000
libud,native64,wamr-fast,Unspecified,.data,19000,2171721,4000
libud,native64,wamr-fast,unspecified,.bss,49,2171721,59488
libud,native64,wamr-fast,fill,.bss,135,2171721,59488
libud,native64,wamr-fast,Kernel,.bss,2711081,2171721,59488
libud,native64,wamr-fast,Runtime,.bss,97,2171721,59488
libud,native64,wamr-fast,app,.bss,88,2171721,59488
libud,native64,wamr-fast,Unspecified,.bss,1804,2171721,59488
libud,native64,wamr-fast,Debug,.bss,3896384,2171721,59488
libud,native64,femto-container,Kernel,.text,19966,1113492,24954
libud,native64,femto-container,fill,.text,25,1113492,24954
libud,native64,femto-container,unspecified,.text,431,1113492,24954
libud,native64,femto-container,app,.text,249,1113492,24954
libud,native64,femto-container,Runtime,.text,4291,1113492,24954
libud,native64,femto-container,Kernel,.data,10767,1113492,2328
libud,native64,femto-container,app,.data,6764,1113492,2328
libud,native64,femto-container,fill,.data,38,1113492,2328
libud,native64,femto-container,Application,.data,2338,1113492,2328
libud,native64,femto-container,Runtime,.data,2619,1113492,2328
libud,native64,femto-container,Unspecified,.data,172,1113492,2328
libud,native64,femto-container,unspecified,.data,776,1113492,2328
libud,native64,femto-container,unspecified,.bss,41,1113492,59744
libud,native64,femto-container,fill,.bss,120,1113492,59744
libud,native64,femto-container,Runtime,.bss,234810,1113492,59744
libud,native64,femto-container,Kernel,.bss,2399990,1113492,59744
libud,native64,femto-container,app,.bss,44,1113492,59744
libud,native64,femto-container,Unspecified,.bss,880,1113492,59744
libud,native64,femto-container,Debug,.bss,942895,1113492,59744
libud,native64,micro-bpf,Runtime,.text,52910,2088473,124454
libud,native64,micro-bpf,fill,.text,1250,2088473,124454
libud,native64,micro-bpf,Kernel,.text,30198,2088473,124454
libud,native64,micro-bpf,unspecified,.text,40104,2088473,124454
libud,native64,micro-bpf,Kernel,.data,19227,2088473,88
libud,native64,micro-bpf,fill,.data,36,2088473,88
libud,native64,micro-bpf,unspecified,.data,6031,2088473,88
libud,native64,micro-bpf,Runtime,.data,25775,2088473,88
libud,native64,micro-bpf,Unspecified,.data,8596,2088473,88
libud,native64,micro-bpf,unspecified,.bss,41,2088473,66368
libud,native64,micro-bpf,fill,.bss,112,2088473,66368
libud,native64,micro-bpf,Kernel,.bss,2083151,2088473,66368
libud,native64,micro-bpf,Unspecified,.bss,14847,2088473,66368
libud,native64,micro-bpf,Debug,.bss,2152231,2088473,66368
libud,adafruit-feather-nrf52840-sense,jerryscript,Kernel,.text,29062,3394692,115304
libud,adafruit-feather-nrf52840-sense,jerryscript,Runtime,.text,88232,3394692,115304
libud,adafruit-feather-nrf52840-sense,jerryscript,fill,.text,157,3394692,115304
libud,adafruit-feather-nrf52840-sense,jerryscript,Application,.text,1719,3394692,115304
libud,adafruit-feather-nrf52840-sense,jerryscript,unspecified,.text,2799,3394692,115304
libud,adafruit-feather-nrf52840-sense,jerryscript,Kernel,.bss,12479,3394692,21276
libud,adafruit-feather-nrf52840-sense,jerryscript,Kernel,.data,158,3394692,
libud,adafruit-feather-nrf52840-sense,jerryscript,fill,.data,2,3394692,
libud,adafruit-feather-nrf52840-sense,jerryscript,fill,.bss,5,3394692,21276
libud,adafruit-feather-nrf52840-sense,jerryscript,Heap,.bss,7168,3394692,21276
libud,adafruit-feather-nrf52840-sense,jerryscript,Runtime,.bss,2136,3394692,21276
libud,adafruit-feather-nrf52840-sense,lua,Kernel,.text,83685,3476696,163068
libud,adafruit-feather-nrf52840-sense,lua,Runtime,.text,90439,3476696,163068
libud,adafruit-feather-nrf52840-sense,lua,fill,.text,214,3476696,163068
libud,adafruit-feather-nrf52840-sense,lua,app,.text,69,3476696,163068
libud,adafruit-feather-nrf52840-sense,lua,Application,.text,2125,3476696,163068
libud,adafruit-feather-nrf52840-sense,lua,Kernel,.bss,6499,3476696,40996
libud,adafruit-feather-nrf52840-sense,lua,Kernel,.data,622,3476696,
libud,adafruit-feather-nrf52840-sense,lua,fill,.data,2,3476696,
libud,adafruit-feather-nrf52840-sense,lua,Heap,.bss,35000,3476696,40996
libud,adafruit-feather-nrf52840-sense,lua,fill,.bss,9,3476696,40996
libud,adafruit-feather-nrf52840-sense,micropython,Kernel,.text,35713,3590933,129392
libud,adafruit-feather-nrf52840-sense,micropython,Runtime,.text,102741,3590933,129392
libud,adafruit-feather-nrf52840-sense,micropython,fill,.text,193,3590933,129392
libud,adafruit-feather-nrf52840-sense,micropython,Application,.text,1555,3590933,129392
libud,adafruit-feather-nrf52840-sense,micropython,Kernel,.bss,7439,3590933,18380
libud,adafruit-feather-nrf52840-sense,micropython,Kernel,.data,157,3590933,
libud,adafruit-feather-nrf52840-sense,micropython,fill,.data,3,3590933,
libud,adafruit-feather-nrf52840-sense,micropython,Heap,.bss,11000,3590933,18380
libud,adafruit-feather-nrf52840-sense,micropython,fill,.bss,5,3590933,18380
libud,adafruit-feather-nrf52840-sense,micropython,Runtime,.bss,448,3590933,18380
libud,adafruit-feather-nrf52840-sense,native,Kernel,.text,22235,1846974,21140
libud,adafruit-feather-nrf52840-sense,native,fill,.text,44,1846974,21140
libud,adafruit-feather-nrf52840-sense,native,Kernel,.bss,6643,1846974,6136
libud,adafruit-feather-nrf52840-sense,native,Kernel,.data,158,1846974,
libud,adafruit-feather-nrf52840-sense,native,fill,.data,2,1846974,
libud,adafruit-feather-nrf52840-sense,native,fill,.bss,5,1846974,6136
libud,adafruit-feather-nrf52840-sense,wamr,Kernel,.text,37717,3010895,97112
libud,adafruit-feather-nrf52840-sense,wamr,app,.text,21,3010895,97112
libud,adafruit-feather-nrf52840-sense,wamr,Runtime,.text,67968,3010895,97112
libud,adafruit-feather-nrf52840-sense,wamr,fill,.text,128,3010895,97112
libud,adafruit-feather-nrf52840-sense,wamr,unspecified,.text,398,3010895,97112
libud,adafruit-feather-nrf52840-sense,wamr,Application,.text,1051,3010895,97112
libud,adafruit-feather-nrf52840-sense,wamr,Kernel,.bss,9656,3010895,9208
libud,adafruit-feather-nrf52840-sense,wamr,app,.data,16,3010895,
libud,adafruit-feather-nrf52840-sense,wamr,Kernel,.data,158,3010895,
libud,adafruit-feather-nrf52840-sense,wamr,Runtime,.data,920,3010895,
libud,adafruit-feather-nrf52840-sense,wamr,fill,.data,2,3010895,
libud,adafruit-feather-nrf52840-sense,wamr,fill,.bss,21,3010895,9208
libud,adafruit-feather-nrf52840-sense,wamr,Runtime,.bss,43,3010895,9208
libud,adafruit-feather-nrf52840-sense,wamr-fast,Kernel,.text,37717,3057294,101328
libud,adafruit-feather-nrf52840-sense,wamr-fast,app,.text,21,3057294,101328
libud,adafruit-feather-nrf52840-sense,wamr-fast,Runtime,.text,72375,3057294,101328
libud,adafruit-feather-nrf52840-sense,wamr-fast,fill,.text,117,3057294,101328
libud,adafruit-feather-nrf52840-sense,wamr-fast,unspecified,.text,398,3057294,101328
libud,adafruit-feather-nrf52840-sense,wamr-fast,Application,.text,1051,3057294,101328
libud,adafruit-feather-nrf52840-sense,wamr-fast,Kernel,.bss,9656,3057294,9216
libud,adafruit-feather-nrf52840-sense,wamr-fast,app,.data,16,3057294,
libud,adafruit-feather-nrf52840-sense,wamr-fast,Kernel,.data,158,3057294,
libud,adafruit-feather-nrf52840-sense,wamr-fast,Runtime,.data,1944,3057294,
libud,adafruit-feather-nrf52840-sense,wamr-fast,fill,.data,2,3057294,
libud,adafruit-feather-nrf52840-sense,wamr-fast,fill,.bss,21,3057294,9216
libud,adafruit-feather-nrf52840-sense,wamr-fast,Runtime,.bss,51,3057294,9216
libud,adafruit-feather-nrf52840-sense,femto-container,Kernel,.text,23215,1911344,28340
libud,adafruit-feather-nrf52840-sense,femto-container,fill,.text,54,1911344,28340
libud,adafruit-feather-nrf52840-sense,femto-container,Runtime,.text,3983,1911344,28340
libud,adafruit-feather-nrf52840-sense,femto-container,Application,.text,2338,1911344,28340
libud,adafruit-feather-nrf52840-sense,femto-container,Kernel,.bss,4879,1911344,4892
libud,adafruit-feather-nrf52840-sense,femto-container,app,.data,2240,1911344,
libud,adafruit-feather-nrf52840-sense,femto-container,Kernel,.data,158,1911344,
libud,adafruit-feather-nrf52840-sense,femto-container,fill,.data,2,1911344,
libud,adafruit-feather-nrf52840-sense,femto-container,Runtime,.bss,520,1911344,4892
libud,adafruit-feather-nrf52840-sense,femto-container,fill,.bss,5,1911344,4892
libud,adafruit-feather-nrf52840-sense,micro-bpf,Kernel,.text,30680,2050160,98496
libud,adafruit-feather-nrf52840-sense,micro-bpf,fill,.text,167,2050160,98496
libud,adafruit-feather-nrf52840-sense,micro-bpf,Runtime,.text,62488,2050160,98496
libud,adafruit-feather-nrf52840-sense,micro-bpf,unspecified,.text,9319,2050160,98496
libud,adafruit-feather-nrf52840-sense,micro-bpf,Kernel,.bss,12051,2050160,11544
libud,adafruit-feather-nrf52840-sense,micro-bpf,Kernel,.data,158,2050160,
libud,adafruit-feather-nrf52840-sense,micro-bpf,fill,.data,2,2050160,
libud,adafruit-feather-nrf52840-sense,micro-bpf,fill,.bss,5,2050160,11544
