benchmark,board,correct,environment,execution_time_us,init_runtime_us,iteration,load_program_us,scale_factor
tarfind,adafruit-feather-nrf52840-sense,true,jerryscript,710852,104,0,11571,5
tarfind,adafruit-feather-nrf52840-sense,true,jerryscript,710908,103,1,11571,5
tarfind,adafruit-feather-nrf52840-sense,true,jerryscript,711411,104,2,11570,5
tarfind,adafruit-feather-nrf52840-sense,true,jerryscript,711003,103,3,11571,5
tarfind,adafruit-feather-nrf52840-sense,true,jerryscript,710126,103,4,11570,5
tarfind,adafruit-feather-nrf52840-sense,true,lua,6078481,16571,0,22983,5
tarfind,adafruit-feather-nrf52840-sense,true,lua,6078590,16566,1,22980,5
tarfind,adafruit-feather-nrf52840-sense,true,lua,6080604,16600,2,22965,5
tarfind,adafruit-feather-nrf52840-sense,true,lua,6079705,16551,3,22954,5
tarfind,adafruit-feather-nrf52840-sense,true,lua,6080661,16557,4,22984,5
tarfind,adafruit-feather-nrf52840-sense,true,micropython,606597,22,0,38951,5
tarfind,adafruit-feather-nrf52840-sense,true,micropython,606596,42,1,38950,5
tarfind,adafruit-feather-nrf52840-sense,true,micropython,606596,43,2,38950,5
tarfind,adafruit-feather-nrf52840-sense,true,micropython,606596,43,3,38950,5
tarfind,adafruit-feather-nrf52840-sense,true,micropython,606596,44,4,38951,5
tarfind,adafruit-feather-nrf52840-sense,true,native,4586,0,0,0,5
tarfind,adafruit-feather-nrf52840-sense,true,native,4604,0,1,0,5
tarfind,adafruit-feather-nrf52840-sense,true,native,4605,0,2,0,5
tarfind,adafruit-feather-nrf52840-sense,true,native,4605,0,3,0,5
tarfind,adafruit-feather-nrf52840-sense,true,native,4604,0,4,0,5
tarfind,adafruit-feather-nrf52840-sense,true,wamr,74056,424,0,5120,5
tarfind,adafruit-feather-nrf52840-sense,true,wamr,73752,236,1,5075,5
tarfind,adafruit-feather-nrf52840-sense,true,wamr,73798,236,2,5075,5
tarfind,adafruit-feather-nrf52840-sense,true,wamr,73803,236,3,5076,5
tarfind,adafruit-feather-nrf52840-sense,true,wamr,73782,236,4,5076,5
crc_32,adafruit-feather-nrf52840-sense,false,jerryscript,5967594,124,0,107488,16
crc_32,adafruit-feather-nrf52840-sense,false,jerryscript,5967594,124,1,107488,16
crc_32,adafruit-feather-nrf52840-sense,false,jerryscript,5967594,125,2,107487,16
crc_32,adafruit-feather-nrf52840-sense,false,jerryscript,5967594,124,3,107488,16
crc_32,adafruit-feather-nrf52840-sense,false,jerryscript,5967593,124,4,107488,16
crc_32,adafruit-feather-nrf52840-sense,true,lua,513967,3914,0,22272,16
crc_32,adafruit-feather-nrf52840-sense,true,lua,512005,3914,1,22272,16
crc_32,adafruit-feather-nrf52840-sense,true,lua,512006,3914,2,22324,16
crc_32,adafruit-feather-nrf52840-sense,true,lua,512005,3915,3,22324,16
crc_32,adafruit-feather-nrf52840-sense,true,lua,512005,3939,4,22292,16
crc_32,adafruit-feather-nrf52840-sense,true,micropython,3158891,20,0,80955,16
crc_32,adafruit-feather-nrf52840-sense,true,micropython,3158868,20,1,80978,16
crc_32,adafruit-feather-nrf52840-sense,true,micropython,3158893,42,2,80955,16
crc_32,adafruit-feather-nrf52840-sense,true,micropython,3158869,41,3,80955,16
crc_32,adafruit-feather-nrf52840-sense,true,micropython,3158869,41,4,80955,16
crc_32,adafruit-feather-nrf52840-sense,true,native,7433,0,0,0,16
crc_32,adafruit-feather-nrf52840-sense,true,native,7453,0,1,0,16
crc_32,adafruit-feather-nrf52840-sense,true,native,7453,0,2,0,16
crc_32,adafruit-feather-nrf52840-sense,true,native,7454,0,3,0,16
crc_32,adafruit-feather-nrf52840-sense,true,native,7454,0,4,0,16
crc_32,adafruit-feather-nrf52840-sense,true,wamr,130769,424,0,2002,16
crc_32,adafruit-feather-nrf52840-sense,true,wamr,130766,234,1,1966,16
crc_32,adafruit-feather-nrf52840-sense,true,wamr,130766,235,2,1966,16
crc_32,adafruit-feather-nrf52840-sense,true,wamr,130766,213,3,1966,16
crc_32,adafruit-feather-nrf52840-sense,true,wamr,130766,213,4,1966,16
crc_32,adafruit-feather-nrf52840-sense,true,femto-container,250200,5,0,22,16
crc_32,adafruit-feather-nrf52840-sense,true,femto-container,250200,26,1,22,16
crc_32,adafruit-feather-nrf52840-sense,true,femto-container,250200,6,2,43,16
crc_32,adafruit-feather-nrf52840-sense,true,femto-container,250200,6,3,22,16
crc_32,adafruit-feather-nrf52840-sense,true,femto-container,250200,6,4,22,16
crc_32,adafruit-feather-nrf52840-sense,true,micro-bpf,453651,0,0,75,16
crc_32,adafruit-feather-nrf52840-sense,true,micro-bpf,453645,0,1,74,16
crc_32,adafruit-feather-nrf52840-sense,true,micro-bpf,453627,0,2,55,16
crc_32,adafruit-feather-nrf52840-sense,true,micro-bpf,453647,0,3,55,16
crc_32,adafruit-feather-nrf52840-sense,true,micro-bpf,453626,0,4,55,16
md5,adafruit-feather-nrf52840-sense,true,jerryscript,5190245,104,0,39866,11
md5,adafruit-feather-nrf52840-sense,true,jerryscript,5190245,103,1,39866,11
md5,adafruit-feather-nrf52840-sense,true,jerryscript,5190245,103,2,39866,11
md5,adafruit-feather-nrf52840-sense,true,jerryscript,5190245,103,3,39866,11
md5,adafruit-feather-nrf52840-sense,true,jerryscript,5190245,103,4,39866,11
md5,adafruit-feather-nrf52840-sense,true,lua,790138,3924,0,20721,11
md5,adafruit-feather-nrf52840-sense,true,lua,788949,3924,1,20721,11
md5,adafruit-feather-nrf52840-sense,true,lua,788648,3938,2,20730,11
md5,adafruit-feather-nrf52840-sense,true,lua,788648,3936,3,20726,11
md5,adafruit-feather-nrf52840-sense,true,lua,788652,3951,4,20708,11
md5,adafruit-feather-nrf52840-sense,true,micropython,2974218,20,0,102391,11
md5,adafruit-feather-nrf52840-sense,true,micropython,2974262,20,1,102392,11
md5,adafruit-feather-nrf52840-sense,true,micropython,2974218,41,2,102391,11
md5,adafruit-feather-nrf52840-sense,true,micropython,2974218,41,3,102392,11
md5,adafruit-feather-nrf52840-sense,true,micropython,2974218,41,4,102392,11
md5,adafruit-feather-nrf52840-sense,true,native,8669,0,0,0,11
md5,adafruit-feather-nrf52840-sense,true,native,8687,0,1,0,11
md5,adafruit-feather-nrf52840-sense,true,native,8686,0,2,0,11
md5,adafruit-feather-nrf52840-sense,true,native,8687,0,3,0,11
md5,adafruit-feather-nrf52840-sense,true,native,8687,0,4,0,11
md5,adafruit-feather-nrf52840-sense,true,wamr,270364,424,0,8351,11
md5,adafruit-feather-nrf52840-sense,true,wamr,270361,236,1,8303,11
md5,adafruit-feather-nrf52840-sense,true,wamr,270361,213,2,8303,11
md5,adafruit-feather-nrf52840-sense,true,wamr,270361,236,3,8303,11
md5,adafruit-feather-nrf52840-sense,true,wamr,270361,235,4,8303,11
xgboost,adafruit-feather-nrf52840-sense,true,jerryscript,5600530,104,0,381790,6
xgboost,adafruit-feather-nrf52840-sense,true,jerryscript,5600530,104,1,381790,6
xgboost,adafruit-feather-nrf52840-sense,true,jerryscript,5600530,103,2,381790,6
xgboost,adafruit-feather-nrf52840-sense,true,jerryscript,5600530,104,3,381790,6
xgboost,adafruit-feather-nrf52840-sense,true,jerryscript,5600530,104,4,381790,6
xgboost,adafruit-feather-nrf52840-sense,true,lua,1232645,3938,0,247667,6
xgboost,adafruit-feather-nrf52840-sense,true,lua,1230974,3929,1,246909,6
xgboost,adafruit-feather-nrf52840-sense,true,lua,1230974,3925,2,246837,6
xgboost,adafruit-feather-nrf52840-sense,true,lua,1230973,3925,3,246762,6
xgboost,adafruit-feather-nrf52840-sense,true,lua,1230974,3916,4,247060,6
xgboost,adafruit-feather-nrf52840-sense,true,micropython,3785582,39,0,1478745,6
xgboost,adafruit-feather-nrf52840-sense,true,micropython,3785581,60,1,1478744,6
xgboost,adafruit-feather-nrf52840-sense,true,micropython,3785581,60,2,1478744,6
xgboost,adafruit-feather-nrf52840-sense,true,micropython,3785581,59,3,1478744,6
xgboost,adafruit-feather-nrf52840-sense,true,micropython,3785581,60,4,1478744,6
xgboost,adafruit-feather-nrf52840-sense,true,native,47572,0,0,0,6
xgboost,adafruit-feather-nrf52840-sense,true,native,47584,0,1,0,6
xgboost,adafruit-feather-nrf52840-sense,true,native,47584,0,2,0,6
xgboost,adafruit-feather-nrf52840-sense,true,native,47583,0,3,0,6
xgboost,adafruit-feather-nrf52840-sense,true,native,47583,0,4,0,6
xgboost,adafruit-feather-nrf52840-sense,true,wamr,931160,424,0,6749,6
xgboost,adafruit-feather-nrf52840-sense,true,wamr,931158,234,1,6710,6
xgboost,adafruit-feather-nrf52840-sense,true,wamr,931158,213,2,6710,6
xgboost,adafruit-feather-nrf52840-sense,true,wamr,931157,234,3,6710,6
xgboost,adafruit-feather-nrf52840-sense,true,wamr,931158,235,4,6710,6
xgboost,adafruit-feather-nrf52840-sense,true,femto-container,1925854,5,0,71,6
xgboost,adafruit-feather-nrf52840-sense,true,femto-container,1925854,5,1,71,6
xgboost,adafruit-feather-nrf52840-sense,true,femto-container,1925854,5,2,92,6
xgboost,adafruit-feather-nrf52840-sense,true,femto-container,1925855,5,3,71,6
xgboost,adafruit-feather-nrf52840-sense,true,femto-container,1925854,5,4,71,6
xgboost,adafruit-feather-nrf52840-sense,true,micro-bpf,3083162,0,0,168,6
xgboost,adafruit-feather-nrf52840-sense,true,micro-bpf,3083176,0,1,167,6
xgboost,adafruit-feather-nrf52840-sense,true,micro-bpf,3083156,0,2,186,6
xgboost,adafruit-feather-nrf52840-sense,true,micro-bpf,3083157,0,3,167,6
xgboost,adafruit-feather-nrf52840-sense,true,micro-bpf,3083177,0,4,186,6
libud,adafruit-feather-nrf52840-sense,true,jerryscript,5023120,104,0,18317,308
libud,adafruit-feather-nrf52840-sense,true,jerryscript,5023120,103,1,18317,308
libud,adafruit-feather-nrf52840-sense,true,jerryscript,5023120,103,2,18317,308
libud,adafruit-feather-nrf52840-sense,true,jerryscript,5023120,104,3,18317,308
libud,adafruit-feather-nrf52840-sense,true,jerryscript,5023120,103,4,18317,308
libud,adafruit-feather-nrf52840-sense,true,lua,738270,3917,0,11833,308
libud,adafruit-feather-nrf52840-sense,true,lua,737063,3917,1,11833,308
libud,adafruit-feather-nrf52840-sense,true,lua,736769,3927,2,11817,308
libud,adafruit-feather-nrf52840-sense,true,lua,736769,3943,3,11788,308
libud,adafruit-feather-nrf52840-sense,true,lua,735253,3929,4,11824,308
libud,adafruit-feather-nrf52840-sense,true,micropython,1993940,19,0,63903,308
libud,adafruit-feather-nrf52840-sense,true,micropython,1993939,41,1,63902,308
libud,adafruit-feather-nrf52840-sense,true,micropython,1993941,40,2,63903,308
libud,adafruit-feather-nrf52840-sense,true,micropython,1993940,19,3,63903,308
libud,adafruit-feather-nrf52840-sense,true,micropython,1993940,40,4,63903,308
libud,adafruit-feather-nrf52840-sense,true,native,11363,0,0,0,308
libud,adafruit-feather-nrf52840-sense,true,native,11384,0,1,0,308
libud,adafruit-feather-nrf52840-sense,true,native,11383,0,2,0,308
libud,adafruit-feather-nrf52840-sense,true,native,11383,0,3,0,308
libud,adafruit-feather-nrf52840-sense,true,native,11383,0,4,0,308
libud,adafruit-feather-nrf52840-sense,true,wamr,383655,424,0,11052,308
libud,adafruit-feather-nrf52840-sense,true,wamr,383653,213,1,11012,308
libud,adafruit-feather-nrf52840-sense,true,wamr,383652,235,2,11013,308
libud,adafruit-feather-nrf52840-sense,true,wamr,383653,236,3,11012,308
libud,adafruit-feather-nrf52840-sense,true,wamr,383653,213,4,11012,308
libud,adafruit-feather-nrf52840-sense,true,femto-container,792051,5,0,138,308
libud,adafruit-feather-nrf52840-sense,true,femto-container,792051,5,1,138,308
libud,adafruit-feather-nrf52840-sense,true,femto-container,792052,5,2,138,308
libud,adafruit-feather-nrf52840-sense,true,femto-container,792052,5,3,139,308
libud,adafruit-feather-nrf52840-sense,true,femto-container,792051,5,4,139,308
libud,adafruit-feather-nrf52840-sense,true,micro-bpf,1101885,0,0,376,308
libud,adafruit-feather-nrf52840-sense,true,micro-bpf,1101881,0,1,375,308
libud,adafruit-feather-nrf52840-sense,true,micro-bpf,1101881,0,2,375,308
libud,adafruit-feather-nrf52840-sense,true,micro-bpf,1101881,0,3,375,308
libud,adafruit-feather-nrf52840-sense,true,micro-bpf,1101887,0,4,374,308
